published_at,actual_price_vnd,linear_regression_prediction,random_forest_prediction
2025-06-25 09:21:21.011,26800000000,20444661042,17506243256
2025-06-25 09:29:19.720,12500000000,14956935068,10068729817
2025-06-25 09:29:44.175,17500000000,20144062110,17659360646
2025-06-25 09:30:34.938,18000000000,18937721921,33721251279
2025-06-25 09:30:57.387,43000000000,24584317190,49765326013
2025-06-25 09:31:53.481,9500000000,15987543884,10454367149
2025-06-25 09:34:21.176,8200000000,18291631128,20744052429
2025-06-25 09:34:47.525,11300000000,17575715633,7338835279
2025-06-25 09:39:57.573,6700000000,17191476072,15678023700
2025-06-25 09:52:57.976,20000000000,20665303584,7565964058
2025-06-25 10:00:46.180,14200000000,16697721014,19633159653
2025-06-25 10:12:46.070,8360000000,17287565606,6958195469
2025-06-25 10:22:14.850,5100000000,18183780612,12483946645
2025-06-25 10:27:05.889,7600000000,16822524755,15092448080
2025-06-25 10:31:53.136,6500000000,14960951669,5152251303
2025-06-25 10:44:53.572,7600000000,16460561596,6327167403
2025-06-25 10:45:32.074,7200000000,15495306281,150021429747
2025-06-25 10:46:14.491,7000000000,15495306281,150021429747
2025-06-25 10:47:20.017,15800000000,16618300452,12371932703
2025-06-25 10:56:19.293,8500000000,15631455815,8317493362
2025-06-25 11:00:51.011,10000000000,16527534096,11732013166
2025-06-25 11:10:26.534,18000000000,19941594377,21323467916
2025-06-25 11:28:12.960,6450000000,18047631077,6310372418
2025-06-25 11:38:04.851,16000000000,16867907933,16482690713
2025-06-25 11:43:35.068,12500000000,18650060456,20815597453
2025-06-25 11:47:26.670,13200000000,20409521391,15547982705
2025-06-25 11:51:32.412,6200000000,15006334847,5692708353
2025-06-25 12:04:18.918,8400000000,16517290569,7358129188
2025-06-25 12:04:21.394,5900000000,18127051639,8131176406
2025-06-25 12:06:07.580,5350000000,16323309794,6404630960
2025-06-25 12:15:15.855,14500000000,16928005839,15546542451
2025-06-25 12:21:07.633,7700000000,16414076150,8457376130
2025-06-25 12:53:12.486,23000000000,19182633847,25048459608
2025-06-25 12:57:32.276,6200000000,15098203471,4956497947
2025-06-25 13:10:41.031,2800000000,14676204538,6270778419
2025-06-25 13:11:47.833,63900000000,20742594205,46373750878
2025-06-25 13:17:54.418,5950000000,16402730356,7716254653
2025-06-25 13:38:56.421,7150000000,15238796036,8378200591
2025-06-25 13:41:50.683,4400000000,14892876901,4901771039
2025-06-25 13:43:31.909,10500000000,15085755409,6956507044
2025-06-25 13:49:44.490,13000000000,16660314697,16215718495
2025-06-25 13:59:57.891,17000000000,16811178960,15399935573
2025-06-25 14:08:24.662,7660000000,15398867027,7585174133
2025-06-25 14:18:42.970,7700000000,19544491567,14465813009
2025-06-25 14:21:56.366,6800000000,17060786440,20606900596
2025-06-25 14:24:54.536,7000000000,18024939488,6324743752
2025-06-25 14:31:44.228,11000000000,20331203096,13569551825
2025-06-25 14:31:47.874,6500000000,17094823824,15716440420
2025-06-25 14:40:37.355,5500000000,16045375124,7288815825
2025-06-25 14:42:34.881,26000000000,17094823824,15716440420
2025-06-25 14:44:27.459,5800000000,16782749006,6603848146
2025-06-25 14:47:36.997,47000000000,20978031860,33262930008
2025-06-25 14:56:00.674,10500000000,12872462692,7735755103
2025-06-25 14:56:27.476,7300000000,15427231513,9678923401
2025-06-25 14:57:43.078,4800000000,16629646247,12882410445
2025-06-25 15:04:44.439,7900000000,17656238462,7208848620
2025-06-25 15:09:26.671,28900000000,17151552797,14759317061
2025-06-25 15:11:16.292,21700000000,18650060456,20815597453
2025-06-25 15:13:57.778,16700000000,16150373438,11663378245
2025-06-25 15:17:36.461,20500000000,25551895513,17076850289
2025-06-25 15:18:44.976,4810000000,14960951669,5152251303
2025-06-25 15:21:43.511,15500000000,17094823824,15716440420
2025-06-25 15:25:27.235,17500000000,17456622086,14919825101
2025-06-25 15:33:04.990,23000000000,18740826813,22997285564
2025-06-25 15:33:12.306,9300000000,17174244386,13436727352
2025-06-25 15:35:30.613,12200000000,16493496712,9984284685
2025-06-25 15:41:07.706,5550000000,16482150918,9589039291
2025-06-25 15:41:09.865,13900000000,20091839143,9613547636
2025-06-25 15:48:56.991,6853000000,14994989053,5314913735
2025-06-25 15:58:38.796,9300000000,17174244386,13436727352
2025-06-25 16:10:57.626,15900000000,21975001551,18924356807
2025-06-25 16:11:06.347,7200000000,17162898591,14108054770
2025-06-25 16:13:13.090,10000000000,18183780612,12483946645
2025-06-25 16:14:50.414,42000000000,22094197861,48590755804
2025-06-25 16:20:24.290,18300000000,20182605500,11863851523
2025-06-25 16:35:55.877,15800000000,16618300452,12371932703
2025-06-25 16:39:03.893,5480000000,15483960486,19847863055
2025-06-25 16:42:47.879,4900000000,16677267921,7971962176
2025-06-25 16:42:49.614,8150000000,16539982158,7901191086
2025-06-25 16:43:47.846,3400000000,16470805123,10212444020
2025-06-25 16:47:48.223,11300000000,16811178960,15399935573
2025-06-25 16:49:21.990,5300000000,16901945316,17099661915
2025-06-25 16:50:06.776,16300000000,17067496137,9028861943
2025-06-25 17:03:38.287,6500000000,15268390389,8399126040
2025-06-25 17:05:52.937,18200000000,16032955232,5936409700
2025-06-25 17:10:11.814,17000000000,16992711673,16327884617
2025-06-25 17:11:51.824,5950000000,16300618205,6483424973
2025-06-25 17:44:56.698,7200000000,16412941571,8464307982
2025-06-25 17:53:39.452,16600000000,32296494400,26225272314
2025-06-25 17:57:27.817,7200000000,15051718025,5738566646
2025-06-25 18:19:17.362,7315000000,15756259556,8516691790
2025-06-25 18:24:13.562,4200000000,14124778228,6182117966
2025-06-25 18:28:35.907,8320000000,18252957647,8205874571
2025-06-25 19:25:44.248,10860000000,18525256716,15493637701
2025-06-25 20:21:11.323,7750000000,17179232319,7242139467
2025-06-25 20:29:36.806,8600000000,16482150918,9589039291
2025-06-25 21:04:51.013,31000000000,17083478029,17721971966
2025-06-25 21:13:40.885,7600000000,19749260772,9897457832
2025-06-25 21:22:11.422,10200000000,18515013189,16714063263
2025-06-25 21:43:30.898,57000000000,24169158888,53992861455
2025-06-25 21:49:06.927,23000000000,25583587509,17226352039
2025-06-25 22:07:20.446,9450000000,16504842507,10426550983
2025-06-25 22:09:41.874,9000000000,15949138063,14558992666
2025-06-25 22:21:47.882,7450000000,18302976922,13185223445
2025-06-25 22:45:34.220,7600000000,19749260772,9897457832
2025-06-25 22:56:47.670,7650000000,16414076150,8457376130
2025-06-26 00:55:06.527,11480000000,16391384561,7594005898
2025-06-26 01:12:56.424,3750000000,13328499009,4726165238
2025-06-26 01:46:10.636,7700000000,16539982158,7901191086
2025-06-26 02:06:26.742,8150000000,17579704063,12691916991
2025-06-26 02:18:10.816,34500000000,19098153874,14604304664
2025-06-26 02:29:28.789,16650000000,20177514802,11525372815
2025-06-26 02:52:24.183,34500000000,15240579932,14798543824
2025-06-26 03:02:53.225,5300000000,15381848335,6967598234
2025-06-26 03:12:24.076,7000000000,14319923402,7043217409
2025-06-26 03:25:34.173,38000000000,18907053472,16223831553
2025-06-26 03:31:51.030,23500000000,16300618205,6483424973
2025-06-26 03:47:33.265,20500000000,19075462285,14114076455
2025-06-26 03:57:07.428,15000000000,16766898049,16207154132
2025-06-26 04:17:34.556,16280000000,19326228374,29542208488
2025-06-26 04:25:18.845,20200000000,17321739715,16744223735
2025-06-26 04:34:02.336,6900000000,16027808194,8126351989
2025-06-26 04:39:35.117,8100000000,14658575475,8255702950
2025-06-26 04:50:18.789,4300000000,14949605874,4954268192
2025-06-26 04:53:32.824,6500000000,15001796529,5692708353
2025-06-26 04:53:55.050,5000000000,15153830176,8703970020
2025-06-26 05:18:09.422,4700000000,14836147929,4539979037
2025-06-26 05:26:57.948,6500000000,17227439529,12763069775
2025-06-26 05:45:15.227,4300000000,12770322370,5752286907
2025-06-26 05:54:28.855,6500000000,16425421945,7795983448
2025-06-26 06:13:29.762,3650000000,18173537085,6172147755
2025-06-26 06:59:44.209,17500000000,19994329934,13562537769
2025-06-26 07:21:00.195,7000000000,16821422487,11847673160
2025-06-26 07:29:49.272,13500000000,19114027211,17398461798
2025-06-26 07:35:00.210,13300000000,14897939429,15940639508
2025-06-26 07:36:05.947,31000000000,16996080607,13780132151
2025-06-26 07:39:08.053,6789000000,16243889232,6378846303
2025-06-26 07:42:59.775,5800000000,16380038767,7675645728
2025-06-26 08:06:39.981,4500000000,16840678026,15691477167
2025-06-26 08:07:46.070,6900000000,17158262494,13855717307
2025-06-26 08:09:32.356,5650000000,18173537085,6172147755
2025-06-26 08:13:28.410,11500000000,16482150918,9589039291
2025-06-26 08:27:23.116,12000000000,18240509585,13194269020
2025-06-26 08:28:29.470,12600000000,23464486424,9530093226
2025-06-26 08:30:15.571,6350000000,18127051639,8131176406
2025-06-26 08:45:26.280,5400000000,15098203471,4956497947
2025-06-26 08:45:47.575,45000000000,17378468688,15282725670
2025-06-26 08:46:22.434,7900000000,15359156746,6749282897
2025-06-26 08:47:49.467,37500000000,16538879890,12293864380
2025-06-26 08:48:54.359,29000000000,16867907933,16482690713
2025-06-26 08:51:53.924,12380000000,16811178960,15399935573
2025-06-26 08:55:31.504,6080000000,17230353862,16316370983
2025-06-26 08:58:51.390,5670000000,19737914977,10071218799
2025-06-26 09:03:22.289,3200000000,13089135056,4206488849
2025-06-26 09:15:35.652,9500000000,15757361823,8738760310
2025-06-26 09:20:13.475,13600000000,16572917274,12056221571
2025-06-26 09:28:05.189,17000000000,20011555804,25135846753
2025-06-26 09:30:30.599,31200000000,13757434668,13684113389
2025-06-26 09:32:02.578,17800000000,18605779545,17399205764
2025-06-26 09:32:41.851,245000000000,25274751870,87507308023
2025-06-26 09:36:37.328,18000000000,15980186519,13390522473
2025-06-26 09:40:59.308,8800000000,16005867036,15145493309
2025-06-26 09:43:05.183,9500000000,16199097380,7485391201
2025-06-26 09:53:43.638,26000000000,18745331976,15149275927
2025-06-26 09:57:48.380,5950000000,15097101204,6624328093
2025-06-26 10:00:25.590,4417500000,17008684880,15659981363
2025-06-26 10:02:51.918,14000000000,15262652025,9097529622
2025-06-26 10:12:03.136,35000000000,15338084156,6856121698
2025-06-26 10:12:05.916,66000000000,16811178960,15399935573
2025-06-26 10:12:07.452,5960000000,15552519673,13524287881
2025-06-26 10:12:46.379,95000000000,24610542609,63760624587
2025-06-26 10:15:45.572,21500000000,20464045829,23377998497
2025-06-26 10:25:47.911,2700000000,16399326617,7584273207
2025-06-26 10:34:28.613,54000000000,25089139581,51178793489
2025-06-26 10:34:29.366,26500000000,17021010692,13895470434
2025-06-26 10:36:05.991,6550000000,18070322666,7219424264
2025-06-26 10:45:45.431,810000000,19023608900,81208408012
2025-06-26 10:51:35.852,6800000000,11733486628,8488051739
2025-06-26 10:52:29.305,21500000000,16584263069,13800952035
2025-06-26 10:52:35.719,29000000000,20772586817,24652879464
2025-06-26 10:54:27.079,5150000000,14972297463,5249770293
2025-06-26 10:58:44.609,12000000000,17830875081,17906423912
2025-06-26 11:06:45.548,2795000000,14727228301,5441764023
2025-06-26 11:09:37.657,21900000000,16799833165,13666802669
2025-06-26 11:15:48.921,4600000000,14881531107,4851990461
2025-06-26 11:16:18.433,10500000000,16257452022,14324739115
2025-06-26 11:35:58.142,6500000000,18196228674,7602044292
2025-06-26 11:36:31.681,6980000000,16414076150,8457376130
2025-06-26 11:40:03.100,8600000000,16539982158,7901191086
2025-06-26 12:01:18.174,26500000000,17032356487,15395830904
2025-06-26 12:03:09.727,34800000000,17998362233,28488101164
2025-06-26 12:14:09.564,7900000000,16327270054,7469133751
2025-06-26 12:14:55.963,8800000000,16368692972,7032234488
2025-06-26 13:05:19.463,7500000000,13293359358,5306032812
2025-06-26 13:06:30.288,5900000000,15393194130,6998252864
2025-06-26 13:09:52.351,5300000000,14915568491,4765708102
2025-06-26 13:30:13.961,8250000000,16463419588,9633334917
2025-06-26 13:31:04.501,2000000000,17415255509,18548860483
2025-06-26 13:46:54.129,3400000000,15403889765,9562178689
2025-06-26 13:47:59.024,720000000,23702879044,36763222305
2025-06-26 13:49:24.763,5400000000,15119792793,5971043686
2025-06-26 13:50:51.375,4550000000,20544077604,40359838368
2025-06-26 13:53:26.417,32500000000,17234342293,16062855587
2025-06-26 13:56:41.556,4500000000,20237129938,21611532736
2025-06-26 14:00:43.166,4000000000,14881531107,4851990461
2025-06-26 14:08:18.598,14500000000,15665362264,7437919700
2025-06-26 14:19:16.880,25800000000,17233177893,24832672425
2025-06-26 14:26:20.098,5400000000,18149743228,8640552163
2025-06-26 14:40:05.286,150000000000,31524934282,169946659836
2025-06-26 14:45:55.633,29000000000,24327447633,37770417486
2025-06-26 14:48:41.706,15550000000,15296689408,11049582546
2025-06-26 14:51:45.177,10500000000,18400452976,14912224131
2025-06-26 15:01:26.604,11000000000,17684805141,21533221925
2025-06-26 15:07:39.833,13500000000,18127051639,8131176406
2025-06-26 15:14:22.308,19000000000,21401002125,21469129630
2025-06-26 15:17:20.721,29800000000,26425380841,25661830666
2025-06-26 15:27:05.389,4050000000,13021060289,4344425293
2025-06-26 15:31:23.651,7000000000,14972297463,5249770293
2025-06-26 15:32:55.575,3100000000,13123172440,4274820704
2025-06-26 15:42:45.593,2450000000,14813456340,4681538022
2025-06-26 15:45:24.427,22000000000,27878505323,21348167358
2025-06-26 15:45:58.764,9500000000,17001171304,14351775514
2025-06-26 15:47:10.135,7900000000,17466246117,7858478375
2025-06-26 16:01:50.333,10000000000,15445287005,12618911238
2025-06-26 16:02:46.375,6800000000,16935982700,16923358176
2025-06-26 16:27:23.223,38000000000,18907053472,16223831553
2025-06-26 16:43:40.713,4000000000,16527534096,11732013166
2025-06-26 16:44:24.370,4800000000,16277926615,6369496640
2025-06-26 16:50:37.300,5760000000,15215549575,7379829423
2025-06-26 16:55:29.576,4350000000,13111826645,4393755168
2025-06-26 17:37:45.627,18400000000,19462866470,16568201895
2025-06-26 17:51:32.307,5200000000,15221904944,8246319163
2025-06-26 17:51:54.137,7500000000,15574726843,8543269418
2025-06-26 18:01:59.335,7540000000,18881612445,36880602040
2025-06-26 18:31:22.001,19000000000,15475920650,14881086169
2025-06-26 18:36:34.928,6500000000,15744913761,8498762982
2025-06-26 19:20:25.852,28000000000,19185517335,24073434634
2025-06-26 19:35:50.115,4500000000,14960951669,5152251303
2025-06-26 19:35:53.719,6500000000,14545117530,7308099231
2025-06-26 19:52:37.256,23900000000,25864078886,80311543693
2025-06-26 20:41:03.705,17900000000,20080521519,17212921179
2025-06-26 21:34:41.808,4000000000,16527534096,11732013166
2025-06-26 21:48:17.540,4300000000,15268390389,8399126040
2025-06-26 21:48:39.112,3310000000,12768081382,3017384510
2025-06-26 22:16:02.565,11689000000,18667041851,12428693065
2025-06-27 00:14:38.656,4250000000,15268390389,8399126040
2025-06-27 01:54:46.769,4500000000,11790734826,4977324330
2025-06-27 02:22:03.140,19400000000,16892804056,16913617841
2025-06-27 02:29:20.157,5500000000,15029026436,5715119077
2025-06-27 02:55:08.319,72000000000,17548655607,29225737484
2025-06-27 03:21:29.053,5600000000,15251306230,11081484242
2025-06-27 03:49:30.709,1730000000,12819137458,3122249821
2025-06-27 04:31:36.004,13500000000,16731758398,12546564818
2025-06-27 04:41:07.201,262000000000,18683235063,51888298318
2025-06-27 04:41:30.439,7400000000,18013593694,6413497613
2025-06-27 04:42:56.754,3950000000,18022670329,6324743752
2025-06-27 04:44:03.742,2970000000,16366423813,7013299170
2025-06-27 05:02:43.799,28000000000,22721641837,79582210978
2025-06-27 05:25:49.108,3650000000,16357347177,6836938011
2025-06-27 05:29:24.995,5400000000,15602406365,13895451972
2025-06-27 05:32:43.011,6350000000,17094823824,15716440420
2025-06-27 05:33:06.241,3700000000,16754449987,13279702960
2025-06-27 05:36:48.690,4000000000,35274545363,91616701534
2025-06-27 05:49:38.243,7650000000,14737996037,11342774369
2025-06-27 06:08:59.581,4700000000,14949605874,4954268192
2025-06-27 06:09:21.965,300000000000,21837017906,231330576273
2025-06-27 06:34:20.853,16000000000,21995728095,43123583002
2025-06-27 06:35:24.980,11800000000,16436767739,7462705762
2025-06-27 07:19:41.653,15150000000,15745913264,9295559043
2025-06-27 07:30:53.874,24900000000,18342861226,23215711944
2025-06-27 07:36:43.528,45000000000,24214411132,24379886926
2025-06-27 07:37:51.103,5860000000,16380038767,7675645728
2025-06-27 07:44:25.786,12600000000,16640992041,16321924475
2025-06-27 07:44:26.515,7300000000,16780482340,7183316435
2025-06-27 07:44:26.941,11000000000,17380707184,23725392307
2025-06-27 07:47:44.914,14500000000,15869552605,14749375140
2025-06-27 07:56:09.379,71500000000,17117515413,13647186240
2025-06-27 08:13:56.685,6560000000,13086865897,4206488849
2025-06-27 08:15:25.911,8300000000,15069871297,6657116016
2025-06-27 08:28:59.021,15000000000,17613741447,12350552098
2025-06-27 08:29:25.524,12600000000,28478565271,12915683498
2025-06-27 08:31:46.130,3900000000,16459459328,11541302637
2025-06-27 08:54:04.589,6192000000,14269759275,9394030943
2025-06-27 08:56:04.439,7600000000,16201364046,7458716816
2025-06-27 08:56:26.111,52000000000,16660934193,26280379339
2025-06-27 08:57:31.234,2350000000,17712035048,19573733110
2025-06-27 09:00:01.940,3371200000,15967617051,11370700626
2025-06-27 09:07:46.209,10500000000,16036915492,14927913642
2025-06-27 09:08:09.820,12200000000,18309686620,12932159571
2025-06-27 09:11:30.386,8400000000,15438577308,8384077216
2025-06-27 09:12:01.760,7100000000,15268390389,8399126040
2025-06-27 09:20:03.124,6600000000,15586072637,9564303603
2025-06-27 09:27:48.189,4500000000,15108446998,6577394887
2025-06-27 09:34:56.079,2590000000,17026749057,16000565301
2025-06-27 09:37:07.643,21800000000,16777141576,13039918330
2025-06-27 09:40:04.823,14500000000,25344780921,13777211855
2025-06-27 09:40:05.733,7000000000,15381848335,6967598234
2025-06-27 09:41:12.836,15300000000,17602395652,12336770873
2025-06-27 09:43:25.231,3900000000,17290761517,16128523135
2025-06-27 09:45:36.896,20900000000,17131037572,17211113930
2025-06-27 10:02:07.782,1720000000,29670070894,97075079004
2025-06-27 10:12:49.960,50000000000,91308139769,26435002215
2025-06-27 10:13:57.168,6000000000,17651147764,6710469220
2025-06-27 10:28:26.019,22770000000,20673899941,18179096606
2025-06-27 10:30:28.954,6800000000,18196228674,7602044292
2025-06-27 10:31:33.136,17000000000,22073312547,63343883350
2025-06-27 10:37:29.128,8900000000,16334655588,6434253020
2025-06-27 10:39:38.884,21000000000,24109975973,15215683536
2025-06-27 10:47:08.221,6200000000,16488377844,7273276631
2025-06-27 10:51:06.710,6390000000,15563381048,8151261024
2025-06-27 10:51:47.352,8490000000,16935982700,16923358176
2025-06-27 10:55:46.215,200000000000,32653666819,114331836931
2025-06-27 10:56:21.283,6000000000,16483253185,6983592057
2025-06-27 10:57:33.782,6800000000,15449923102,7689294413
2025-06-27 11:01:25.170,9360000000,15665362264,7437919700
2025-06-27 11:04:43.469,6750000000,18013593694,6413497613
2025-06-27 11:09:07.007,110000000000,48599992383,70590301376
2025-06-27 11:25:42.634,10100000000,16414076150,8457376130
2025-06-27 11:27:17.457,2730000000,12679584184,2238157526
2025-06-27 11:34:08.352,8000000000,14915568491,4765708102
2025-06-27 11:36:17.521,2950000000,12895802717,3096655243
2025-06-27 11:40:01.216,9100000000,15495306281,150021429747
2025-06-27 11:43:48.823,13000000000,36845996914,14182450855
2025-06-27 11:44:45.937,11500000000,15187867560,8266177730
2025-06-27 11:47:21.904,5450000000,15098203471,4956497947
2025-06-27 11:51:43.629,1900000000,12930293932,3579972509
2025-06-27 11:54:39.572,31000000000,17245068591,20243714799
2025-06-27 11:59:05.074,5117000000,16643261200,15616887068
2025-06-27 12:09:20.677,6200000000,15466941794,8022467242
2025-06-27 12:09:20.775,3950000000,14914433911,4869743460
2025-06-27 12:09:45.830,9800000000,14658575475,8255702950
2025-06-27 12:38:39.261,39500000000,17094823824,15716440420
2025-06-27 13:02:12.925,11630000000,16218022217,13244726775
2025-06-27 13:07:15.906,7600000000,18013593694,6413497613
2025-06-27 13:30:01.703,9550000000,23748262222,39933228171
2025-06-27 14:01:41.065,8100000000,18252957647,8205874571
2025-06-27 14:02:04.616,35100000000,24611513942,38569607539
2025-06-27 14:05:32.506,19900000000,16504842507,10426550983
2025-06-27 14:05:41.812,7500000000,15154932444,5371119160
2025-06-27 14:06:03.490,6800000000,14960951669,5152251303
2025-06-27 14:06:23.820,4150000000,14915568491,4765708102
2025-06-27 14:08:14.909,4550000000,14915568491,4765708102
2025-06-27 14:08:51.067,6500000000,18448040689,8442620078
2025-06-27 14:12:45.919,5500000000,15226637865,6282382737
2025-06-27 14:13:24.683,7200000000,15381848335,6967598234
2025-06-27 14:22:36.649,28500000000,26002302020,33862736463
2025-06-27 14:25:45.635,3400000000,14824802134,4869800174
2025-06-27 14:29:12.414,6600000000,16300618205,6483424973
2025-06-27 14:30:44.597,102000000000,18308715287,38496993966
2025-06-27 14:31:43.862,6800000000,14960951669,5152251303
2025-06-27 14:40:08.851,8900000000,16368692972,7032234488
2025-06-27 14:46:28.475,15000000000,25951550902,117141804014
2025-06-27 14:55:58.370,3280000000,16539982158,7901191086
2025-06-27 15:19:46.817,12900000000,15699530583,8132740430
2025-06-27 15:19:51.753,13650000,16584263069,13800952035
2025-06-27 15:20:02.418,7700000000,15495306281,150021429747
2025-06-27 15:24:25.509,12700000000,13555414900,10345117160
2025-06-27 15:30:10.041,5750000000,16471907390,6689983184
2025-06-27 15:36:22.217,17000000000,19334074300,8713739496
2025-06-27 15:40:42.926,11600000000,18183780612,12483946645
2025-06-27 15:52:50.896,25100000000,20223450360,18390671421
2025-06-27 16:00:01.686,5700000000,14949605874,4954268192
2025-06-27 16:00:22.874,17200000000,20306306973,14894695760
2025-06-27 16:14:11.395,2800000000,16816851857,14801607216
2025-06-27 16:17:02.394,13950000000,17135570905,12186049088
2025-06-27 16:23:37.195,4100000000,15086857676,5003326712
2025-06-27 16:49:20.878,6500000000,15597287497,6652792178
2025-06-27 16:51:29.943,12900000000,17863859868,8146496517
2025-06-27 16:54:54.873,5950000000,16640929909,10511601253
2025-06-27 17:01:51.080,7500000000,15579714776,7355606169
2025-06-27 17:15:35.323,11500000000,16062596009,30501844761
2025-06-27 17:25:15.672,3500000000,14915568491,4765708102
2025-06-27 17:26:43.789,2680000000,14949605874,4954268192
2025-06-27 17:34:15.625,9850000000,17044804548,7173348605
2025-06-27 17:34:53.517,3900000000,13100480850,4108125139
2025-06-27 17:38:37.106,6650000000,16556452611,7946049938
2025-06-27 20:40:34.130,6800000000,14538862433,6994372806
2025-06-27 21:11:52.747,48900000000,84423937902,46087478987
2025-06-27 22:42:57.599,18000000000,15649511307,13846594166
2025-06-27 23:19:35.280,8500000000,14575194654,4683779550
2025-06-28 00:13:12.400,16500000000,15988782877,36191932385
2025-06-28 00:25:09.528,8900000000,17982414303,9637055314
2025-06-28 01:07:56.870,20000000000,16848585277,13351692060
2025-06-28 01:22:51.908,5900000000,16258093019,8000618881
2025-06-28 01:28:22.620,28500000000,78347566415,87366075047
2025-06-28 01:43:14.585,9700000000,14790736580,8583050729
2025-06-28 02:15:58.241,60000000000,19097182542,63219663737
2025-06-28 02:17:50.270,6100000000,16981365878,17202270352
2025-06-28 02:18:09.702,79000000000,20433508314,68196188355
2025-06-28 02:18:11.070,9000000000,16414076150,8457376130
2025-06-28 02:19:15.829,10600000000,19896756101,12231559488
2025-06-28 02:20:21.240,9300000000,17814005489,12036565145
2025-06-28 02:25:26.524,12800000000,18275649236,9196987466
2025-06-28 02:34:55.772,3550000000,16539982158,7901191086
2025-06-28 02:52:25.917,6400000000,16368692972,7032234488
2025-06-28 03:08:47.408,11000000000,16551327952,7854476445
2025-06-28 03:14:35.151,35000000000,16924636906,18512825926
2025-06-28 03:14:57.128,68000000000,23362505207,34232509521
2025-06-28 03:16:47.109,7100000000,15699530583,8132740430
2025-06-28 03:37:33.097,14000000000,17358526536,17849748413
2025-06-28 03:48:54.264,20800000000,19349408525,13933338380
2025-06-28 03:49:58.517,16200000000,17050542913,28617852695
2025-06-28 03:53:14.796,6000000000,15381848335,6967598234
2025-06-28 04:02:22.099,3750000000,17078841932,15140810926
2025-06-28 04:21:59.641,12500000000,21564370792,29064748317
2025-06-28 04:24:54.975,15100000000,15611033385,8723349019
2025-06-28 05:13:00.022,2650000000,14896847930,4901771039
2025-06-28 05:13:44.569,3250000000,16414076150,8457376130
2025-06-28 05:31:21.224,2350000000,16351674280,6678167600
2025-06-28 05:42:41.266,4550000000,16731758398,12546564818
2025-06-28 05:45:37.700,42000000000,18966879927,77217075709
2025-06-28 05:54:20.876,10000000000,18099854888,16468955521
2025-06-28 05:56:34.326,1880000000,18196876341,26911486460
2025-06-28 05:56:58.595,5000000000,16640992041,16321924475
2025-06-28 06:49:39.801,10000000000,18149743228,8640552163
2025-06-28 07:15:22.283,5500000000,16653440103,11982647280
2025-06-28 07:22:21.704,4550000000,14907626434,4908774506
2025-06-28 07:26:46.183,5660000000,15320581044,6844860211
2025-06-28 07:41:54.236,16800000000,18775966464,22883516978
2025-06-28 07:46:14.832,8000000000,14949577704,15367918243
2025-06-28 07:46:49.820,4000000000,16669356528,15786277183
2025-06-28 07:54:56.063,5300000000,15211661417,6422586194
2025-06-28 07:58:59.663,2400000000,14768073161,4016461515
2025-06-28 08:00:03.460,90000000000,24497084664,74125938056
2025-06-28 08:10:34.834,58400000000,20191877695,67635470406
2025-06-28 08:16:53.489,91000000,17786917292,42099481334
2025-06-28 08:18:21.179,5000000000,16311963999,6248939377
2025-06-28 08:21:58.085,7800000000,18529892814,31176889221
2025-06-28 08:24:51.844,77900000000,17662113552,21359269544
2025-06-28 08:25:58.573,2870000000,12816868299,3122249821
2025-06-28 08:30:07.165,20000000000,16584263069,13800952035
2025-06-28 08:31:25.507,4380000000,17900135748,6882984442
2025-06-28 08:37:40.229,3100000000,13145864029,4368090715
2025-06-28 08:38:03.551,3550000000,16539982158,7901191086
2025-06-28 08:40:36.378,3020000000,12815733719,3098847440
2025-06-28 08:43:29.860,6850000000,15029026436,5715119077
2025-06-28 08:50:08.378,46500000000,17233177893,24832672425
2025-06-28 08:53:25.913,4900000000,14810052601,4686263707
2025-06-28 08:54:10.343,9500000000,16195137120,7426773743
2025-06-28 08:56:00.799,12200000000,15946149136,11857343935
2025-06-28 08:59:18.067,3600000000,14858839518,4832407996
2025-06-28 09:00:23.200,14500000000,17219627564,27501837236
2025-06-28 09:00:46.061,13500000000,18149743228,8640552163
2025-06-28 09:01:53.458,12350000000,15722222172,8405504630
2025-06-28 09:02:18.656,6900000000,18240509585,13194269020
2025-06-28 09:05:39.591,11130000000,17764225703,43318535634
2025-06-28 09:06:18.571,7500000000,14440738712,7082543820
2025-06-28 09:12:32.676,5200000000,14904222696,4906194779
2025-06-28 09:14:46.044,18900000000,16036915492,14927913642
2025-06-28 09:16:01.871,13000000000,16980263611,11117435842
2025-06-28 09:16:58.262,20300000000,15936690001,31650724776
2025-06-28 09:21:13.497,14000000000,17799365354,18189222216
2025-06-28 09:22:23.826,2680000000,14836147929,4539979037
2025-06-28 09:24:39.945,4300000000,14984745525,5359314777
2025-06-28 09:33:38.342,8350000000,16720412603,12320511536
2025-06-28 09:38:52.549,5900000000,18104360050,7601063203
2025-06-28 09:41:22.785,16200000000,17050542913,28617852695
2025-06-28 09:43:32.340,12800000000,15583703206,10559944155
2025-06-28 09:45:22.084,2000000000,16811178960,15399935573
2025-06-28 09:51:39.632,18500000000,15674469563,13526415373
2025-06-28 10:01:24.273,55000000000,34362291788,182518591464
2025-06-28 10:02:58.313,8600000000,21104909200,11413563486
2025-06-28 10:19:00.365,12800000000,15249039564,14538964018
2025-06-28 10:29:47.448,6650000000,17788399566,6489832811
2025-06-28 10:38:25.623,77000000000,16867907933,16482690713
2025-06-28 10:38:26.205,15000000000,16653440103,11982647280
2025-06-28 10:41:41.498,18800000000,53758995809,21158611514
2025-06-28 10:46:24.939,8200000000,18780471627,11896212483
2025-06-28 10:51:53.503,4800000000,16311963999,6248939377
2025-06-28 10:53:10.044,15450000000,16710169076,16216200944
2025-06-28 11:02:40.048,13728000000,24225756927,24478071557
2025-06-28 11:02:40.291,4590000000,15245698800,6384865248
2025-06-28 11:05:39.290,2400000000,17094823824,15716440420
2025-06-28 11:05:58.949,15500000000,16139027643,11111017716
2025-06-28 11:14:12.159,5200000000,19268471728,63939778899
2025-06-28 11:17:08.772,30000000000,16595608863,13372510022
2025-06-28 11:38:01.080,5800000000,14808275339,7350533442
2025-06-28 11:42:44.345,5300000000,14949605874,4954268192
2025-06-28 11:45:27.248,16500000000,29399704571,13347209539
2025-06-28 11:47:42.168,7800000000,17377996718,8005167912
2025-06-28 12:08:28.312,3400000000,14972297463,5249770293
2025-06-28 12:21:14.508,4500000000,14972297463,5249770293
2025-06-28 12:48:14.821,79000000000,26348414222,55372915765
2025-06-28 12:58:55.411,50000000000,17185590181,21141637797
2025-06-28 13:12:23.547,26500000000,17089085459,13116917526
2025-06-28 13:12:23.777,34500000000,19059611328,24303672332
2025-06-28 13:37:57.929,6600000000,18058976872,6851237958
2025-06-28 13:42:17.624,12500000000,14761789894,12085170996
2025-06-28 14:00:53.258,11000000000,77224441309,76926785718
2025-06-28 14:11:20.820,25300000000,17297264230,23762279863
2025-06-28 14:15:34.004,45000000000,17435197661,20675417775
2025-06-28 14:43:18.436,9000000000,16334655588,6434253020
2025-06-28 14:51:53.469,12500000000,18657417821,16695062583
2025-06-28 15:01:42.320,70000000000,37145905375,117224180337
2025-06-28 15:12:04.202,2100000000,18983616041,13792319765
2025-06-28 15:14:16.459,7400000000,18240509585,13194269020
2025-06-28 15:24:34.530,42500000000,19482831002,26195486913
2025-06-28 15:31:44.370,18000000000,23583115451,23691802841
2025-06-28 15:56:47.272,7000000000,16357347177,6836938011
2025-06-28 16:04:01.959,6800000000,15312671300,11065680792
2025-06-28 16:15:37.241,2250000000,12793042130,3138567167
2025-06-28 16:46:35.267,4000000000,16070333379,6399383902
2025-06-28 17:23:36.523,6350000000,16357347177,6836938011
2025-06-28 17:28:52.496,9500000000,16811178960,15399935573
2025-06-28 17:46:22.336,4450000000,13442445516,5286982481
2025-06-28 17:49:08.445,85000000000,18529892814,31176889221
2025-06-28 17:53:59.616,17200000000,19823045733,13768364977
2025-06-28 18:18:27.754,3600000000,17233242518,17189013744
2025-06-28 18:24:30.428,5700000000,17321739715,16744223735
2025-06-28 18:53:10.598,2950000000,15659754834,15599508982
2025-06-28 19:35:11.591,6300000000,17094823824,15716440420
2025-06-28 19:47:59.081,7600000000,16357347177,6836938011
2025-06-28 20:46:38.597,10500000000,17135570905,12186049088
2025-06-28 21:34:49.045,21000000000,18237106690,16459192814
2025-06-28 21:55:54.087,2370000000,14858839518,4832407996
2025-06-28 22:23:03.495,14800000000,18239089286,6183719956
2025-06-28 23:31:54.421,12600000000,18790715154,12490674020
2025-06-29 00:02:04.796,7900000000,17263743579,7342585115
2025-06-29 00:22:14.249,7800000000,15447553672,8010007809
2025-06-29 02:23:43.738,8700000000,18127051639,8131176406
2025-06-29 02:23:44.441,7850000000,14123675961,7074783540
2025-06-29 02:32:41.302,4600000000,18081668461,7393132185
2025-06-29 02:49:17.154,19000000000,17582528094,14965855568
2025-06-29 03:15:21.612,20800000000,17605384579,31807158448
2025-06-29 03:17:14.631,17500000000,16653440103,11982647280
2025-06-29 03:30:56.403,4200000000,14941600843,7038134287
2025-06-29 03:52:14.420,5180000000,16879253727,15633726082
2025-06-29 04:00:52.160,6500000000,15166278238,5721600428
2025-06-29 04:03:47.396,16000000000,16618300452,12371932703
2025-06-29 04:20:20.865,7500000000,17292690265,8528377710
2025-06-29 04:24:40.736,5950000000,16924636906,18512825926
2025-06-29 04:26:28.316,5400000000,29359590799,144419197041
2025-06-29 05:17:23.400,14250000000,15310552160,16421909196
2025-06-29 05:18:44.233,11400000000,15960933473,11407190131
2025-06-29 05:27:32.303,25900000000,27753733880,24845189359
2025-06-29 05:38:25.197,33400000000,21319399409,14928615272
2025-06-29 06:17:42.642,20200000000,19745403276,83281249511
2025-06-29 06:23:52.279,2400000000,16761807351,16910958077
2025-06-29 06:29:33.777,40000000000,17435197661,20675417775
2025-06-29 06:55:41.341,11180000000,16811178960,15399935573
2025-06-29 07:05:50.069,86000000000,19466094888,231426136848
2025-06-29 07:46:03.647,38750000000,30878223992,100218663025
2025-06-29 07:49:34.346,19200000000,15432838943,13945127633
2025-06-29 08:15:41.924,3900000000,14917437781,6970666075
2025-06-29 08:20:27.377,7650000000,16699959510,9369923664
2025-06-29 08:44:09.071,7650000000,16405588348,10893579072
2025-06-29 08:44:26.818,11800000000,16391384561,7594005898
2025-06-29 08:52:45.763,18500000000,18549050573,16628694952
2025-06-29 08:57:50.675,5680000000,18173537085,6172147755
2025-06-29 09:56:44.326,27000000000,17404467079,26711289781
2025-06-29 09:58:40.101,4500000000,14938260080,5000761683
2025-06-29 10:01:45.829,10600000000,15552035253,8334433484
2025-06-29 10:04:14.335,48000000000,23774238234,27188269466
2025-06-29 10:11:48.039,23000000000,16687787235,12937313542
2025-06-29 10:22:53.821,9500000000,15388558032,10235248582
2025-06-29 10:50:41.523,5000000000,18140906083,25323378921
2025-06-29 10:57:13.147,29440000000,20459540667,33381477899
2025-06-29 11:00:24.654,6500000000,16357347177,6836938011
2025-06-29 11:07:07.848,5900000000,16300618205,6483424973
2025-06-29 11:38:11.485,4500000000,17006326626,15617882959
2025-06-29 11:41:03.038,5780000000,14533771735,7122606492
2025-06-29 11:47:38.975,10200000000,15638263292,8302982790
2025-06-29 11:50:09.533,10850000000,18030677853,19403124457
2025-06-29 12:06:34.607,6500000000,16258093019,8000618881
2025-06-29 12:12:47.627,23500000000,16867907933,16482690713
2025-06-29 12:21:50.768,15300000000,16470805123,10212444020
2025-06-29 12:52:35.129,4900000000,14915568491,4765708102
2025-06-29 12:54:17.546,20000000000,16754449987,13279702960
2025-06-29 12:55:10.940,9980000000,14843477122,7235519210
2025-06-29 13:36:47.666,6600000000,16368692972,7032234488
2025-06-29 14:04:25.589,2400000000,13066443467,3645110314
2025-06-29 14:16:27.102,6100000000,17299048126,16578900106
2025-06-29 14:17:32.103,69760000000,36555924058,88622209630
2025-06-29 14:22:40.458,9350000000,15438577308,8384077216
2025-06-29 14:38:45.651,8200000000,15767605350,8736722405
2025-06-29 14:50:26.914,12900000000,16470805123,10212444020
2025-06-29 14:56:11.325,11500000000,15504282644,8835586593
2025-06-29 14:58:56.880,8550000000,16365943535,14697155616
2025-06-29 16:02:25.525,3400000000,14915568491,4765708102
2025-06-29 16:33:29.830,21800000000,17891159384,19558488878
2025-06-29 16:36:49.040,10300000000,16710169076,16216200944
2025-06-29 16:47:40.444,35000000000,21924686780,41681164334
2025-06-29 17:05:28.640,12950000000,16096633392,25802044322
2025-06-29 17:17:59.025,12800000000,17884290582,9079205252
2025-06-29 17:52:02.288,6600000000,20968890600,43483114520
2025-06-29 18:08:45.414,7900000000,17056150343,8487131182
2025-06-29 18:51:08.532,9350000000,15438577308,8384077216
2025-06-29 19:19:57.359,7000000000,16391384561,7594005898
2025-06-29 20:07:14.001,7900000000,17067496137,9028861943
2025-06-29 20:24:17.142,12900000000,16680091952,13502487632
2025-06-29 20:25:40.742,27200000000,19002882355,24467076911
2025-06-29 21:12:19.536,46000000000,23038122389,63291089094
2025-06-29 21:19:19.159,32000000000,24581885627,27671534959
2025-06-29 21:24:10.117,9300000000,18343724003,11797102473
2025-06-29 21:29:48.785,13500000000,16697721014,19633159653
2025-06-29 21:30:19.973,13800000000,28779251998,28160609879
2025-06-29 21:50:42.438,7900000000,16574019541,13226677557
2025-06-29 23:02:39.320,40000000000,20030156199,226384581635
2025-06-29 23:16:22.815,62700000000,25355700285,46793301495
2025-06-29 23:30:31.432,10500000000,15387455765,12659596327
