sorted_row,name,published_at,area,frontage_width,bedroom_count,bathroom_count,actual_vnd,predicted_vnd,residual_vnd,absolute_error_vnd,absolute_percentage_error,price_band,linear_predicted_vnd
2750,Siêu dẻ - mp văn la - hà đông - ô tô tránh - kd. 55m - 5 tầng - mt 5m - giá 23.65 tỷ,2025-06-27 15:19:51.753,55.0000000000,5.0000000000,3.0000000000,3.0000000000,13650000.0000000000,13800952034.8667373657,-13787302034.8667373657,13787302034.8667373657,101005.8757133094,<5 tỷ,16584263068.6807746887
2821,Quỹ căn tổ hợp n05 hoàng đạo thúy. giá từ 85tr/m. 2-3 ngủ. liên hệ: [phone_number],2025-06-28 08:16:53.489,161.0000000000,5.0000000000,3.0000000000,3.0000000000,91000000.0000000000,42099481334.2762145996,-42008481334.2762145996,42008481334.2762145996,46163.1663014024,<5 tỷ,17786917292.3866958618
2572,"Chính chủ bán đất vườn tại xã Song Phương, đất 50 năm, diện tích 270m2 giá 3tr/m2",2025-06-26 10:45:45.431,270.0000000000,5.0000000000,3.0000000000,3.0000000000,810000000.0000000000,81208408011.5903167725,-80398408011.5903167725,80398408011.5903167725,9925.7293841470,<5 tỷ,19023608899.7824096680
2696,"Lô đất 14m mặt tiền trục chính tại Thuỵ An tặng nhà mái bằng, sẵn ở, kinh doanh, cho sinh viên thuê",2025-06-27 10:02:07.782,250.0000000000,14.0000000000,3.0000000000,3.0000000000,1720000000.0000000000,97075079004.3290100098,-95355079004.3290100098,95355079004.3290100098,5543.8999421122,<5 tỷ,29670070893.9325942993
2595,Chỉ vài trăm triệu sở hữu lô đất tại xã Tản Lĩnh vị trí rất đẹp,2025-06-26 13:47:59.024,150.0000000000,10.0000000000,3.0000000000,3.0000000000,720000000.0000000000,36763222304.7834930420,-36043222304.7834930420,36043222304.7834930420,5006.0030978866,<5 tỷ,23702879044.0882720947
2927,"Cc gửi bán lô đất đẹp 360m, đất ở 140m,mặt tiền 12, 7m, giá tốt cho nhà đầu tư hòa thạch quốcoai hn",2025-06-29 04:26:28.316,360.0000000000,12.7100000000,3.0000000000,3.0000000000,5400000000.0000000000,144419197041.2919921875,-139019197041.2919921875,139019197041.2919921875,2574.4295748387,5–<10 tỷ,29359590798.9820175171
2658,Hơn 500m cách chục chính thôn 100m giá loanh quanh 4 tỷ,2025-06-27 05:36:48.690,531.0000000000,16.0000000000,3.0000000000,3.0000000000,4000000000.0000000000,91616701534.3915557861,-87616701534.3915557861,87616701534.3915557861,2190.4175383598,<5 tỷ,35274545362.9686050415
2413,Chính chủ bán căn 3PN2WC giá rẻ nhất TT. LH [phone_number],2025-06-25 10:46:14.491,110.0000000000,5.0000000000,3.0000000000,2.0000000000,7000000000.0000000000,150021429747.4819641113,-143021429747.4819641113,143021429747.4819641113,2043.1632821069,5–<10 tỷ,15495306280.5845050812
2412,"Chính chủ bán CH Sapphire palace số 4 Chính kinh 110m2 3 ngủ ,full đồ căn góc,sẵn sổ chỉ hơn 7 tỷ",2025-06-25 10:45:32.074,110.0000000000,5.0000000000,3.0000000000,2.0000000000,7200000000.0000000000,150021429747.4819641113,-142821429747.4819641113,142821429747.4819641113,1983.6309687150,5–<10 tỷ,15495306280.5845050812
2751,"Bán căn góc Sapphire Palace - Số 4 Chính Kinh (gần Ngã 4 Sở), 110m2, sẵn sổ đỏ, 70 triệu/m2",2025-06-27 15:20:02.418,110.0000000000,5.0000000000,3.0000000000,2.0000000000,7700000000.0000000000,150021429747.4819641113,-142321429747.4819641113,142321429747.4819641113,1848.3302564608,5–<10 tỷ,15495306280.5845050812
2717,"Bán gấp căn hộ 3 phòng ngủ 110m2, giá 9,1 tỷ, full nội thất đẹp chỉ việc ở, [phone_number]",2025-06-27 11:40:01.216,110.0000000000,5.0000000000,3.0000000000,2.0000000000,9100000000.0000000000,150021429747.4819641113,-140921429747.4819641113,140921429747.4819641113,1548.5871400822,5–<10 tỷ,15495306280.5845050812
2808,"Hàng chính chủ Đan tảo - Tân Minh - sóc Sơn Diện tích : 80m2 Mặt tiền : 6,10m Đường rộng 4m",2025-06-28 05:56:34.326,80.0000000000,6.1000000000,3.0000000000,3.0000000000,1880000000.0000000000,26911486459.7044677734,-25031486459.7044677734,25031486459.7044677734,1331.4620457290,<5 tỷ,18196876340.9798049927
2870,"Nhà đẹp 3 tầng ở ngay, ngõ thông , ô tô ngủ trong nhà. 150m ra mặt đường đôi! võ nguyên giáp .",2025-06-28 11:14:12.159,174.0000000000,6.0000000000,4.0000000000,3.0000000000,5200000000.0000000000,63939778898.8579711914,-58739778898.8579711914,58739778898.8579711914,1129.6111326703,5–<10 tỷ,19268471727.5306396484
2593,Cần bán nhanh lô đất đối diện cổng chính đại học quốc gia hà nội lh : [phone_number],2025-06-26 13:31:04.501,75.0000000000,5.5000000000,3.0000000000,3.0000000000,2000000000.0000000000,18548860482.7122192383,-16548860482.7122192383,16548860482.7122192383,827.4430241356,<5 tỷ,17415255509.1357917786
2597,"Lô đất 3 mặt đường 137.8m2, ô tô tránh, sát ĐL Thăng Long, ga Metro, ĐHQG tại Hoà Lạc, 33tr/m2",2025-06-26 13:50:51.375,137.8000000000,7.5000000000,3.0000000000,3.0000000000,4550000000.0000000000,40359838368.0400238037,-35809838368.0400238037,35809838368.0400238037,787.0294146822,<5 tỷ,20544077604.4677200317
2681,"Lô đất 154m2, 3 mặt tiền ô tô tránh tại Đông Yên Quốc Oai, chỉ hơn 15 triệu/m2,",2025-06-27 08:57:31.234,154.4000000000,5.0000000000,3.0000000000,3.0000000000,2350000000.0000000000,19573733109.8512573242,-17223733109.8512573242,17223733109.8512573242,732.9248131852,<5 tỷ,17712035048.2691574097
2747,"Nhà mặt đường chính 35m, tỉnh lộ 414, mặt tiền 10m. Chính chủ sổ đỏ 326m². 15 tỉ",2025-06-27 14:46:28.475,326.0000000000,10.0000000000,5.0000000000,3.0000000000,15000000000.0000000000,117141804013.6192169189,-102141804013.6192169189,102141804013.6192169189,680.9453600908,10–<20 tỷ,25951550902.1066818237
2854,Chính chủ cần bán gấp BĐS bám Đường Tỉnh Lộ 76 (đất kinh doanh giá quá rẻ) cơ hội có 102 cho NĐT,2025-06-28 09:45:22.084,75.0000000000,5.0000000000,3.0000000000,3.0000000000,2000000000.0000000000,15399935573.1535034180,-13399935573.1535034180,13399935573.1535034180,669.9967786577,<5 tỷ,16811178959.9460430145
2933,Đất thổ cư chính chủ xã tự nhiên - huyện thường tín - thành phố hà nội,2025-06-29 06:23:52.279,60.0000000000,5.1000000000,3.0000000000,3.0000000000,2400000000.0000000000,16910958076.7150363922,-14510958076.7150363922,14510958076.7150363922,604.6232531965,<5 tỷ,16761807351.3350410461
2884,Bán nhà phố Láng Hạ - nhà đẹp thoáng sáng - mặt ngõ ô tô,2025-06-28 14:00:53.258,31.0000000000,54.0000000000,3.0000000000,4.0000000000,11000000000.0000000000,76926785718.2656707764,-65926785718.2656707764,65926785718.2656707764,599.3344156206,10–<20 tỷ,77224441308.8334503174
